"iso","adm1","umd_tree_cover_extent_2000__ha","area__ha"
"ARG",14,976961.12500006164491791,977272.22887562970331597
