"iso","adm1","umd_tree_cover_extent_2000__ha","area__ha"
"ARG",14,2569030.00402563661653521,2997997.30638917600886068
