"iso","adm1","adm2","umd_tree_cover_extent_2000__ha","area__ha"
"ARG",14,9,243419.06937550976484211,268535.76884578188262808
