"iso","adm1","umd_tree_cover_gain__ha","umd_tree_cover_extent_2000__ha"
"ARG",14,98741.40559744334630843,2997997.30638917620462298
